Variant	Fold	MIN	MAX
T2662M	3.95	3.26	4.64
M2676T	5.90	5.24	6.56
R2520L	4.20	3.55	4.85
A2603P	0.92	0.32	1.52
D2665G	4.56	4.05	5.07
S2697N	5.41	4.91	5.91
E2856A	4.57	4.07	5.07
K2472T	4.94	4.45	5.43
A2466V	4.46	3.98	4.94
A3088V	6.14	5.67	6.61
E2848Q	4.82	4.35	5.29
V2815I	4.58	4.12	5.04
T3013I	5.90	5.45	6.35
L2865V	4.11	3.66	4.56
K2950N	5.41	4.98	5.84
E2571G	5.50	5.08	5.92
V2728I	5.29	4.88	5.70
V3079I	5.20	4.79	5.61
I3107T	5.88	5.48	6.28
S3058G	5.21	4.81	5.61
I2495T	3.61	3.21	4.01
G2813E	5.09	4.70	5.48
R2502C	5.04	4.65	5.43
A2851V	5.03	4.64	5.42
S2782N	4.99	4.61	5.37
D2913E	4.92	4.54	5.30
E3152K	4.90	4.52	5.28
S3020C	3.48	3.10	3.86
S2533C	4.65	4.30	5.00
E2757V	4.61	4.26	4.96
K2849E	4.56	4.21	4.91
R2888C	4.52	4.17	4.87
D2965H	5.33	4.99	5.67
R3128Q	4.73	4.40	5.06
P2589H	4.25	3.92	4.58
P2798L	4.23	3.90	4.56
Y3035C	4.16	3.84	4.48
P3039L	4.13	3.81	4.45
A2632S	4.09	3.78	4.40
K2729N	3.99	3.68	4.30
R2787H	3.97	3.66	4.28
Y2624H	0.89	0.58	1.20
E2981K	4.87	4.57	5.17
C2765Y	4.45	4.15	4.75
S2988G	3.97	3.67	4.27
A2951T	3.87	3.57	4.17
F2873C	3.79	3.50	4.08
I2821T	3.76	3.47	4.05
S3123G	3.72	3.43	4.01
P2800S	2.64	2.35	2.93
R2678G	5.12	4.84	5.40
D3170G	4.50	4.22	4.78
D2679G	4.41	4.13	4.69
A2632G	3.68	3.40	3.96
Y3092C	3.62	3.34	3.90
D2680G	3.53	3.26	3.80
A2717S	4.08	3.82	4.34
L2768H	3.40	3.14	3.66
D2712N	5.20	4.95	5.45
P2639A	3.98	3.73	4.23
E3071D	3.95	3.70	4.20
I2944F	4.72	4.48	4.96
G2901D	3.89	3.65	4.13
L2929W	3.85	3.61	4.09
L2898S	3.22	2.98	3.46
S2509N	4.05	3.83	4.27
V3081A	3.58	3.36	3.80
R2973C	2.90	2.68	3.12
P3063S	4.21	4.00	4.42
I2490T	4.61	4.41	4.81
R2991C	4.36	4.16	4.56
R2991H	4.13	3.93	4.33
L2587F	3.77	3.57	3.97
C3069R	3.52	3.32	3.72
R2973H	2.84	2.64	3.04
D2913G	2.81	2.61	3.01
R2824G	1.00	0.80	1.20
P2608A	3.49	3.30	3.68
R2488S	2.44	2.25	2.63
T2515I	4.15	3.97	4.33
R2488G	2.92	2.74	3.10
R2494Q	2.89	2.71	3.07
Q2925H	2.38	2.20	2.56
L2654P	1.66	1.48	1.84
S2835P	5.11	4.94	5.28
T3030I	4.21	4.04	4.38
I2521T	4.09	3.92	4.26
S2807L	3.04	2.87	3.21
S2522F	2.73	2.56	2.90
G2584D	2.27	2.10	2.44
D2606G	2.20	2.03	2.37
R2787C	3.63	3.47	3.79
L2745V	3.35	3.19	3.51
V2969M	3.01	2.85	3.17
Y2726C	1.49	1.33	1.65
Y3098H	5.64	5.49	5.79
G2816D	4.22	4.07	4.37
T3033I	2.38	2.23	2.53
G2508R	1.09	0.94	1.24
G2508S	2.56	2.42	2.70
Q2925R	2.19	2.05	2.33
R2784Q	1.27	1.13	1.41
S2483N	5.10	4.97	5.23
V3091I	4.78	4.65	4.91
S2705R	4.66	4.53	4.79
Q2491L	3.42	3.29	3.55
D2913H	2.65	2.52	2.78
R2842L	2.47	2.34	2.60
P2800R	2.46	2.33	2.59
P3150L	2.15	2.02	2.28
G2837E	2.12	1.99	2.25
L3011P	2.08	1.95	2.21
R3007G	2.06	1.93	2.19
E3002D	1.75	1.62	1.88
L2862P	1.67	1.54	1.80
N2622S	1.63	1.50	1.76
W2626C	1.16	1.03	1.29
A3029V	4.95	4.83	5.07
L2768P	3.93	3.81	4.05
L2581W	2.53	2.41	2.65
D2733V	1.89	1.77	2.01
D2611G	1.61	1.49	1.73
Y2660D	1.61	1.49	1.73
R2659G	1.57	1.45	1.69
D3073G	1.52	1.40	1.64
Q2925K	1.51	1.39	1.63
E2847K	1.50	1.38	1.62
D2723G	1.11	0.99	1.23
D3095E	1.07	0.95	1.19
V2652M	2.44	2.33	2.55
G2812E	2.03	1.92	2.14
D2723A	1.06	0.95	1.17
G3076V	1.03	0.92	1.14
L2510P	0.98	0.87	1.09
Q3026E	3.06	2.96	3.16
V2908G	2.44	2.34	2.54
Y3035S	2.32	2.22	2.42
Y3092S	2.31	2.21	2.41
L2972W	2.12	2.02	2.22
A2730V	2.00	1.90	2.10
R2842C	1.68	1.58	1.78
K2498E	1.36	1.26	1.46
W2725L	1.35	1.25	1.45
G2585R	1.30	1.20	1.40
G2596R	1.28	1.18	1.38
N2781I	1.00	0.90	1.10
G3076E	0.95	0.85	1.05
L2647P	0.93	0.83	1.03
N3124I	0.92	0.82	1.02
R2784W	0.91	0.81	1.01
L2721H	0.88	0.78	0.98
Q2655R	1.38	1.29	1.47
A2786P	1.23	1.14	1.32
L2792P	1.19	1.10	1.28
G2793R	1.18	1.09	1.27
G2596E	1.12	1.03	1.21
R3052W	0.86	0.77	0.95
R2892S	5.19	5.11	5.27
I2672V	4.28	4.20	4.36
R2625K	3.95	3.87	4.03
I2672T	1.71	1.63	1.79
G3003E	1.33	1.25	1.41
E3002K	1.10	1.02	1.18
T2722R	1.08	1.00	1.16
G2609V	1.07	0.99	1.15
F2642S	1.07	0.99	1.15
W2788S	1.06	0.98	1.14
W2788R	1.05	0.97	1.13
D2723V	1.04	0.96	1.12
G3076R	1.03	0.95	1.11
L2688P	1.02	0.94	1.10
I2627F	1.01	0.93	1.09
K2630Q	0.98	0.90	1.06
L2653P	0.75	0.67	0.83
R2842H	2.36	2.29	2.43
G2609D	1.35	1.28	1.42
G2793E	1.19	1.12	1.26
L3125H	0.96	0.89	1.03
S2670L	0.93	0.86	1.00
G2748D	0.68	0.61	0.75
Q2858R	4.81	4.75	4.87
P2800H	2.86	2.80	2.92
Q2561P	1.13	1.07	1.19
S2691F	1.10	1.04	1.16
N3124K	1.07	1.01	1.13
Y2624D	0.88	0.82	0.94
S2704F	4.81	4.76	4.86
R2842P	1.59	1.54	1.64
Y2624C	1.57	1.52	1.62
F2562L	0.94	0.89	0.99
Q2491P	2.47	2.43	2.51
A3028P	1.18	1.14	1.22
H2623R	1.00	0.96	1.04
L2686P	0.72	0.68	0.76
V2966A	2.64	2.61	2.67
S2810G	4.37	4.35	4.39
V2687F	1.14	1.12	1.16
E2947K	4.89	4.88	4.90
F2794L	3.56	3.55	3.57
H2623Y	1.15	1.14	1.16
W2626R	1.12	1.11	1.13
A2730P	1.01	1.00	1.02
D2723H	1.00	0.99	1.01
E2663K	0.83	0.82	0.84
P2639L	2.88	2.88	2.88
Y2624N	0.95	0.95	0.95
L3125R	0.91	0.91	0.91
